Busco_id	Status	Sequence	Gene_Start	Gene_End	Strand	Score	Length
5951at33208	Complete	Hmel212001o	13877961	13898071	+	4008.7	1943
9639at33208	Complete	Hmel214004o	2134192	2156123	+	2271.5	1764
13816at33208	Complete	Hmel211001o	4292181	4264982	-	2041.5	1504
14776at33208	Complete	Hmel220003o	10469617	10491672	+	2174.1	1756
16244at33208	Complete	Hmel208001o	6777074	6754923	-	2736.0	1723
40200at33208	Complete	Hmel216002o	2776844	2779561	+	724.3	551
45934at33208	Complete	Hmel219001o	12668119	12663191	-	793.9	852
49474at33208	Complete	Hmel205001o	1121934	1142559	+	1352.5	1227
50756at33208	Complete	Hmel211001o	3033240	3025509	-	1354.4	1144
56573at33208	Complete	Hmel211001o	3244584	3253943	+	1346.8	918
57158at33208	Complete	Hmel207001o	10742588	10751497	+	1940.2	1054
63697at33208	Complete	Hmel220003o	5095270	5105401	+	1980.8	988
64435at33208	Complete	Hmel212001o	12507479	12517115	+	340.1	463
65302at33208	Complete	Hmel221001o	4622736	4608655	-	1453.4	975
66018at33208	Complete	Hmel208001o	4337371	4290037	-	1548.8	867
75406at33208	Complete	Hmel220003o	1783483	1790651	+	655.8	617
76852at33208	Complete	Hmel210001o	11999604	11981163	-	780.6	777
84980at33208	Complete	Hmel216002o	9916578	9919938	+	931.0	592
88053at33208	Complete	Hmel211001o	3238274	3227693	-	541.2	546
92367at33208	Complete	Hmel212001o	11408934	11402433	-	273.4	474
99614at33208	Complete	Hmel207001o	8685883	8692546	+	1088.9	946
99987at33208	Complete	Hmel215003o	3035242	3026995	-	767.9	737
102804at33208	Complete	Hmel220003o	8543670	8532431	-	1434.4	903
103854at33208	Complete	Hmel215003o	173221	155122	-	669.3	639
107151at33208	Complete	Hmel205001o	6485734	6494263	+	1287.9	743
107574at33208	Complete	Hmel209001o	5701015	5709917	+	737.8	713
108764at33208	Complete	Hmel210001o	9320353	9308805	-	434.4	503
109109at33208	Complete	Hmel207001o	8718283	8708198	-	1079.7	601
111730at33208	Complete	Hmel201001o	8148288	8158363	+	672.4	613
111746at33208	Complete	Hmel215003o	4606020	4608377	+	674.1	653
114954at33208	Complete	Hmel201001o	8561348	8555699	-	690.4	447
115878at33208	Complete	Hmel211001o	3821072	3828361	+	545.9	361
118209at33208	Complete	Hmel218003o	6890939	6900667	+	1621.6	874
119252at33208	Complete	Hmel211001o	10496158	10494119	-	912.9	551
119591at33208	Complete	Hmel221001o	4462865	4447093	-	1129.2	997
121127at33208	Complete	Hmel202001o	6923881	6929630	+	579.7	623
123923at33208	Complete	Hmel215003o	3806913	3799891	-	379.9	562
124302at33208	Complete	Hmel214004o	41091	37780	-	922.3	846
127766at33208	Complete	Hmel205001o	802079	810647	+	840.8	642
129179at33208	Complete	Hmel208001o	1734766	1740556	+	827.4	567
130245at33208	Complete	Hmel204001o	7152009	7164902	+	679.5	407
130256at33208	Complete	Hmel213001o	2035464	2031498	-	747.4	581
131349at33208	Complete	Hmel217001o	2718599	2706767	-	1481.0	943
131848at33208	Complete	Hmel220003o	5119226	5132007	+	473.7	496
132087at33208	Complete	Hmel216002o	9729099	9719792	-	743.0	723
134492at33208	Complete	Hmel220003o	7891930	7901278	+	1398.3	903
135294at33208	Complete	Hmel217001o	8206199	8202982	-	370.5	363
137383at33208	Complete	Hmel217001o	7047039	7033805	-	499.9	621
139188at33208	Complete	Hmel201001o	16730496	16739745	+	388.7	581
143619at33208	Complete	Hmel210001o	13351216	13342116	-	328.3	293
143997at33208	Complete	Hmel201001o	9234341	9221524	-	472.6	358
146671at33208	Complete	Hmel208001o	8448928	8457890	+	971.1	727
147873at33208	Complete	Hmel216002o	6831024	6833802	+	968.2	560
148067at33208	Complete	Hmel204001o	8836463	8845785	+	658.1	779
148325at33208	Complete	Hmel207001o	12943748	12938096	-	390.4	321
152327at33208	Missing
152977at33208	Complete	Hmel207001o	2814055	2829108	+	551.1	510
153034at33208	Complete	Hmel214004o	856048	861919	+	698.2	476
157109at33208	Complete	Hmel215003o	2978166	2971611	-	242.0	223
157138at33208	Complete	Hmel208001o	5373487	5381365	+	603.0	523
158845at33208	Complete	Hmel202001o	4137077	4135035	-	446.2	480
158962at33208	Complete	Hmel219001o	3243640	3237346	-	771.0	542
162821at33208	Complete	Hmel217001o	12104748	12094902	-	594.1	452
164767at33208	Complete	Hmel203003o	4963150	4968427	+	967.0	700
166097at33208	Complete	Hmel206001o	3925399	3929464	+	771.3	485
168850at33208	Fragmented	Hmel219001o	10908468	10904290	-	346.5	277
168924at33208	Complete	Hmel203003o	1547264	1536989	-	393.3	479
169864at33208	Complete	Hmel209001o	7849606	7837362	-	441.4	641
172677at33208	Complete	Hmel220003o	4371193	4376262	+	199.9	222
176247at33208	Complete	Hmel217001o	12020688	12011482	-	341.4	335
177718at33208	Complete	Hmel212001o	5636054	5638522	+	608.8	393
177858at33208	Complete	Hmel202001o	3789484	3779111	-	939.3	609
178537at33208	Complete	Hmel211001o	9469774	9464960	-	966.4	465
179485at33208	Complete	Hmel209001o	8237120	8223313	-	663.9	482
180808at33208	Complete	Hmel213001o	12576707	12567110	-	765.0	476
182834at33208	Complete	Hmel208001o	5618903	5616576	-	728.9	542
184508at33208	Complete	Hmel210001o	11827765	11815257	-	636.1	504
184717at33208	Complete	Hmel209001o	4706917	4699667	-	960.8	533
186208at33208	Complete	Hmel213001o	13477927	13486672	+	883.4	670
186707at33208	Complete	Hmel217001o	10471097	10464309	-	396.9	486
187280at33208	Complete	Hmel214004o	5026175	5040685	+	691.6	529
189414at33208	Complete	Hmel205001o	8380491	8386829	+	631.3	641
190726at33208	Complete	Hmel215003o	2939913	2944223	+	622.8	395
191938at33208	Complete	Hmel207001o	5035459	5028251	-	358.5	431
192250at33208	Complete	Hmel218003o	865348	873621	+	437.4	291
194754at33208	Complete	Hmel219001o	12561947	12574327	+	1088.3	724
195986at33208	Complete	Hmel206001o	7325522	7318206	-	915.1	630
196950at33208	Complete	Hmel212001o	12920249	12910746	-	755.4	717
197549at33208	Complete	Hmel217001o	3884362	3878492	-	341.2	341
197652at33208	Complete	Hmel203003o	10471870	10483009	+	716.4	431
200997at33208	Complete	Hmel215003o	2965985	2969913	+	679.8	499
201397at33208	Complete	Hmel210001o	4532100	4541146	+	766.2	480
202545at33208	Complete	Hmel212001o	1527253	1528881	+	578.2	388
203128at33208	Complete	Hmel220003o	5323504	5320822	-	844.7	438
203698at33208	Complete	Hmel202001o	5274821	5284979	+	1057.7	834
205220at33208	Complete	Hmel202001o	4743555	4732209	-	962.4	651
206786at33208	Complete	Hmel206001o	2884309	2878639	-	572.6	381
206858at33208	Complete	Hmel219001o	11451684	11449678	-	647.0	505
207599at33208	Complete	Hmel217001o	74553	76208	+	441.2	381
208219at33208	Complete	Hmel220003o	1904776	1899934	-	422.1	458
210614at33208	Complete	Hmel216002o	4975651	4987649	+	705.0	662
212972at33208	Complete	Hmel208001o	5714686	5720207	+	641.4	579
214788at33208	Complete	Hmel201001o	10213668	10211827	-	521.4	521
215654at33208	Complete	Hmel203003o	4955008	4962461	+	645.1	432
216257at33208	Complete	Hmel217001o	7955118	7948814	-	459.5	336
216563at33208	Complete	Hmel205001o	5016008	5001464	-	279.6	279
218441at33208	Complete	Hmel220003o	6201918	6198289	-	266.7	255
219795at33208	Complete	Hmel202001o	1699553	1697859	-	373.9	517
219856at33208	Complete	Hmel211001o	8908920	8905659	-	674.8	393
222489at33208	Complete	Hmel218003o	9182761	9186444	+	543.1	296
223234at33208	Complete	Hmel206001o	9829001	9830419	+	364.3	347
224280at33208	Complete	Hmel208001o	5824319	5827202	+	810.9	439
226335at33208	Complete	Hmel205001o	2730064	2718951	-	615.6	361
226941at33208	Complete	Hmel212001o	11362967	11358941	-	575.9	397
227087at33208	Complete	Hmel205001o	2454614	2465326	+	815.1	734
227453at33208	Missing
227979at33208	Complete	Hmel214003o	17390	29380	+	672.8	562
231157at33208	Complete	Hmel219001o	3578173	3566144	-	556.2	431
231700at33208	Missing
234290at33208	Complete	Hmel203003o	7383128	7384490	+	724.1	436
235149at33208	Complete	Hmel213001o	8736710	8743946	+	396.5	473
235430at33208	Complete	Hmel204001o	3591653	3594002	+	488.5	375
235458at33208	Complete	Hmel220003o	2643197	2645170	+	427.8	326
239016at33208	Complete	Hmel202001o	8340927	8345512	+	364.8	404
239149at33208	Complete	Hmel204001o	5274939	5277997	+	206.4	316
239597at33208	Complete	Hmel217001o	5848198	5851518	+	459.2	478
240437at33208	Complete	Hmel210001o	9286946	9285123	-	443.5	253
244863at33208	Complete	Hmel218003o	3868138	3856983	-	588.5	566
245482at33208	Complete	Hmel220003o	3270029	3266817	-	588.0	410
245567at33208	Complete	Hmel214004o	8484467	8481747	-	540.0	425
246241at33208	Complete	Hmel215003o	3716746	3721918	+	546.9	394
247183at33208	Complete	Hmel201001o	12044224	12036783	-	627.4	508
247905at33208	Complete	Hmel213001o	10549364	10543140	-	240.0	358
249486at33208	Complete	Hmel210001o	1571490	1573064	+	509.0	423
251076at33208	Complete	Hmel210001o	5155021	5147655	-	527.3	306
251577at33208	Complete	Hmel211001o	10635696	10630730	-	252.5	221
255117at33208	Complete	Hmel204001o	8798917	8815510	+	1169.7	720
255242at33208	Complete	Hmel207001o	1241726	1246162	+	326.4	319
255924at33208	Complete	Hmel206001o	3936991	3943756	+	636.8	508
257141at33208	Complete	Hmel220003o	10314619	10320448	+	410.2	308
257339at33208	Complete	Hmel212001o	2705327	2710484	+	214.5	300
259581at33208	Complete	Hmel218003o	4716866	4711539	-	243.6	405
260752at33208	Complete	Hmel208001o	2254070	2257610	+	467.3	547
261284at33208	Complete	Hmel203003o	7895119	7906137	+	706.4	616
261614at33208	Complete	Hmel216002o	8281970	8273865	-	761.3	518
262757at33208	Complete	Hmel220003o	14203064	14191771	-	256.8	327
266460at33208	Complete	Hmel210001o	16185574	16184183	-	552.5	359
266469at33208	Complete	Hmel213001o	4069247	4071853	+	194.3	237
266808at33208	Complete	Hmel217001o	13595575	13599219	+	540.0	347
267439at33208	Complete	Hmel207001o	3325987	3332851	+	723.3	426
268134at33208	Duplicated	Hmel220003o	7907249	7916432	+	319.3	253
268134at33208	Duplicated	Hmel220003o	7919117	7925941	+	290.4	228
268397at33208	Complete	Hmel207001o	4330653	4320963	-	778.6	620
270594at33208	Complete	Hmel215003o	4278452	4276473	-	650.5	549
271297at33208	Complete	Hmel220003o	8527219	8530925	+	365.1	232
271742at33208	Complete	Hmel215003o	10089903	10094301	+	534.0	462
272605at33208	Complete	Hmel204001o	5898511	5895857	-	546.2	412
273040at33208	Complete	Hmel205001o	4837061	4840286	+	173.5	124
273367at33208	Complete	Hmel213001o	5000623	4981146	-	184.2	247
273989at33208	Complete	Hmel202001o	8325515	8321179	-	522.1	502
274044at33208	Complete	Hmel201001o	949063	960916	+	564.8	684
274064at33208	Complete	Hmel211001o	4647546	4649533	+	425.7	285
274769at33208	Complete	Hmel214004o	6506105	6512418	+	528.0	378
274992at33208	Complete	Hmel212001o	7724362	7729004	+	669.1	357
277935at33208	Complete	Hmel218003o	8519552	8522069	+	413.6	540
278227at33208	Complete	Hmel202001o	536978	529620	-	395.8	339
279631at33208	Complete	Hmel220003o	10276855	10283393	+	662.4	624
279992at33208	Complete	Hmel217001o	4332453	4334141	+	430.0	347
280914at33208	Complete	Hmel211001o	5828389	5821562	-	380.1	547
281304at33208	Complete	Hmel213001o	11975478	11982849	+	298.8	315
281693at33208	Complete	Hmel217001o	10056985	10047144	-	796.2	590
283637at33208	Complete	Hmel210001o	16747837	16744093	-	663.7	361
284059at33208	Complete	Hmel212001o	2020541	2024598	+	301.1	242
285146at33208	Complete	Hmel212001o	10606584	10598372	-	427.0	312
285902at33208	Complete	Hmel219001o	170262	166168	-	131.6	297
285966at33208	Complete	Hmel219001o	6921491	6919192	-	403.7	333
286553at33208	Complete	Hmel217001o	11879291	11880535	+	284.2	290
289235at33208	Complete	Hmel217001o	10545875	10543513	-	183.5	267
289928at33208	Complete	Hmel215003o	6076735	6064462	-	348.6	321
291505at33208	Complete	Hmel212001o	1801749	1796180	-	606.5	445
291875at33208	Complete	Hmel218003o	15666988	15665177	-	453.3	529
295556at33208	Complete	Hmel220003o	11170959	11159635	-	369.9	752
295775at33208	Complete	Hmel213001o	16782813	16779731	-	269.4	270
300303at33208	Fragmented	Hmel215003o	4253008	4245882	-	194.6	207
301572at33208	Complete	Hmel220003o	7878312	7862579	-	640.9	395
302186at33208	Complete	Hmel217001o	6217055	6213989	-	263.4	377
302279at33208	Complete	Hmel208001o	3515795	3518342	+	466.2	302
302921at33208	Complete	Hmel204001o	654587	657704	+	105.4	178
303117at33208	Complete	Hmel210001o	13209581	13212964	+	384.5	336
304388at33208	Complete	Hmel211001o	2064969	2059156	-	367.1	335
305260at33208	Complete	Hmel217001o	1116106	1119603	+	583.8	348
306101at33208	Complete	Hmel209001o	4219378	4220580	+	346.3	291
307109at33208	Complete	Hmel211001o	10335414	10339847	+	513.9	347
308610at33208	Complete	Hmel220003o	9705021	9732152	+	566.1	363
311438at33208	Complete	Hmel204001o	3165192	3170653	+	359.0	256
311758at33208	Complete	Hmel202001o	7756871	7752079	-	540.3	402
311761at33208	Complete	Hmel212001o	12832971	12830450	-	462.6	492
312577at33208	Complete	Hmel212001o	15430523	15433102	+	257.4	290
313091at33208	Complete	Hmel204001o	1105940	1109493	+	496.3	301
315044at33208	Complete	Hmel219001o	12485203	12482673	-	349.6	346
315393at33208	Complete	Hmel218003o	9677624	9685083	+	502.8	314
317470at33208	Complete	Hmel201001o	11774032	11768776	-	378.9	269
318483at33208	Complete	Hmel220003o	6437296	6443609	+	489.3	321
318532at33208	Complete	Hmel217001o	12369369	12367858	-	628.8	336
319574at33208	Complete	Hmel209001o	8253310	8261296	+	304.8	241
320390at33208	Complete	Hmel210001o	14098634	14081550	-	469.0	439
321332at33208	Complete	Hmel201001o	11595918	11594179	-	436.6	498
323399at33208	Complete	Hmel212001o	15678204	15685700	+	552.9	429
323473at33208	Complete	Hmel215003o	1163709	1171646	+	501.9	286
324249at33208	Complete	Hmel201001o	9193798	9189907	-	295.1	342
325183at33208	Complete	Hmel205001o	1682693	1686752	+	555.0	345
327301at33208	Complete	Hmel201001o	11925704	11928002	+	298.0	252
331112at33208	Complete	Hmel201001o	13528031	13526262	-	557.2	412
331186at33208	Complete	Hmel213001o	16783375	16793250	+	419.8	389
332870at33208	Complete	Hmel217001o	3103277	3123013	+	247.4	215
333062at33208	Complete	Hmel210001o	10390517	10396472	+	551.4	345
333800at33208	Complete	Hmel203003o	8981749	8974526	-	579.7	565
334272at33208	Complete	Hmel214004o	5325916	5348465	+	340.1	387
334331at33208	Complete	Hmel214002o	33	11763	+	715.0	476
334336at33208	Complete	Hmel215003o	5699536	5685354	-	563.0	445
334342at33208	Complete	Hmel213001o	9644952	9654690	+	285.4	426
334764at33208	Complete	Hmel209001o	134911	139536	+	356.3	295
334820at33208	Complete	Hmel214004o	7027675	7031135	+	249.5	305
335107at33208	Complete	Hmel205001o	1219552	1243811	+	360.3	267
336647at33208	Complete	Hmel201001o	12140320	12132221	-	346.1	515
338191at33208	Complete	Hmel207001o	35124	15089	-	791.8	475
338482at33208	Complete	Hmel212001o	12681180	12679519	-	496.7	442
339127at33208	Complete	Hmel212001o	907637	895274	-	412.2	431
339319at33208	Complete	Hmel210001o	12012983	12022375	+	161.0	243
340558at33208	Complete	Hmel211001o	5701731	5698790	-	527.1	322
340577at33208	Complete	Hmel220003o	9495316	9486538	-	336.1	444
344338at33208	Complete	Hmel212001o	3337571	3336381	-	434.0	306
344346at33208	Complete	Hmel217001o	6736569	6738530	+	278.1	341
344442at33208	Complete	Hmel217001o	4337586	4334868	-	276.3	268
344581at33208	Complete	Hmel211001o	3199330	3198347	-	369.7	243
344611at33208	Complete	Hmel221001o	1637113	1638099	+	272.7	258
345099at33208	Complete	Hmel201001o	9201567	9194753	-	706.8	645
345959at33208	Complete	Hmel213001o	12042141	12037074	-	198.2	301
346541at33208	Complete	Hmel219001o	12244323	12239359	-	598.8	447
347600at33208	Complete	Hmel207001o	8512413	8510263	-	447.1	307
348449at33208	Complete	Hmel214004o	3755384	3746022	-	400.3	305
348544at33208	Complete	Hmel216002o	528938	536935	+	420.9	323
348761at33208	Complete	Hmel202001o	2835180	2832478	-	383.3	237
349064at33208	Complete	Hmel206001o	4022326	4020876	-	457.1	306
349627at33208	Complete	Hmel212001o	3645252	3642919	-	289.7	257
351226at33208	Complete	Hmel219001o	4665841	4669705	+	161.2	217
352600at33208	Complete	Hmel201001o	1507401	1506292	-	522.8	297
352854at33208	Complete	Hmel205001o	5218980	5225486	+	540.9	376
353286at33208	Complete	Hmel206001o	9836735	9833264	-	365.1	301
353768at33208	Complete	Hmel217001o	7142952	7140226	-	401.3	321
354829at33208	Complete	Hmel220003o	9014110	9016212	+	560.6	279
354949at33208	Complete	Hmel210001o	12310967	12318487	+	380.5	285
355210at33208	Complete	Hmel209001o	1957848	1964869	+	428.4	370
355739at33208	Complete	Hmel215003o	4385658	4384466	-	299.9	247
356175at33208	Complete	Hmel201001o	16163677	16160445	-	275.1	260
356334at33208	Complete	Hmel215003o	7992299	7999107	+	630.0	667
356503at33208	Complete	Hmel217001o	9216668	9214367	-	368.6	261
357580at33208	Complete	Hmel205001o	430931	433837	+	389.3	252
359075at33208	Complete	Hmel202001o	4484061	4489229	+	457.0	358
359324at33208	Complete	Hmel221001o	3644444	3641211	-	262.3	211
359369at33208	Complete	Hmel208001o	5777215	5775500	-	376.7	261
359532at33208	Complete	Hmel211001o	1707225	1703133	-	474.8	430
360379at33208	Complete	Hmel209001o	4056144	4057100	+	289.3	255
360753at33208	Complete	Hmel220003o	12711633	12708632	-	289.5	248
361100at33208	Complete	Hmel212001o	13536837	13533942	-	424.3	269
361203at33208	Complete	Hmel219001o	10619231	10621406	+	597.1	387
361216at33208	Complete	Hmel201001o	8882845	8884954	+	347.8	312
363634at33208	Complete	Hmel220003o	2364288	2367183	+	151.8	199
363840at33208	Complete	Hmel215003o	7291203	7294894	+	263.5	316
363851at33208	Complete	Hmel212001o	12751385	12747233	-	356.3	315
364383at33208	Complete	Hmel201001o	10887995	10891549	+	381.7	325
364694at33208	Complete	Hmel216002o	9915864	9906148	-	697.7	501
365323at33208	Complete	Hmel220003o	5889206	5880828	-	402.9	294
365561at33208	Complete	Hmel211001o	5860304	5856280	-	634.9	360
365691at33208	Complete	Hmel206001o	6294430	6297787	+	290.6	296
366124at33208	Complete	Hmel207001o	12536832	12535819	-	301.1	239
366814at33208	Complete	Hmel201001o	3406450	3400133	-	505.8	373
366936at33208	Complete	Hmel214004o	2976979	2977948	+	455.9	217
367493at33208	Complete	Hmel211001o	5148305	5158127	+	369.5	336
367551at33208	Complete	Hmel212001o	4281239	4289920	+	603.8	416
367596at33208	Complete	Hmel207001o	8977233	8981084	+	632.8	509
367957at33208	Complete	Hmel219001o	12499138	12496700	-	419.7	309
368565at33208	Complete	Hmel212001o	1823330	1819570	-	521.9	339
368670at33208	Complete	Hmel210001o	7473467	7464501	-	319.1	193
368875at33208	Complete	Hmel214004o	8828734	8836854	+	263.6	197
371241at33208	Complete	Hmel204001o	1154338	1158073	+	240.7	176
371297at33208	Complete	Hmel218003o	5603927	5602863	-	560.7	328
371526at33208	Complete	Hmel209001o	3614812	3615702	+	492.5	247
372257at33208	Complete	Hmel214004o	6996410	6993280	-	259.7	206
372707at33208	Complete	Hmel205001o	7118877	7123560	+	322.7	239
373040at33208	Complete	Hmel204001o	2671846	2668598	-	385.8	226
376982at33208	Complete	Hmel205001o	5214434	5213324	-	494.4	251
378033at33208	Complete	Hmel202001o	7415683	7413800	-	449.4	437
378316at33208	Complete	Hmel207001o	12587002	12583809	-	464.7	275
378768at33208	Complete	Hmel211001o	3186197	3201023	+	333.0	241
378913at33208	Complete	Hmel208001o	7944349	7934724	-	166.0	205
379076at33208	Complete	Hmel213001o	12099115	12090833	-	145.3	199
379636at33208	Complete	Hmel220003o	14439517	14432147	-	295.4	296
379771at33208	Complete	Hmel201001o	9210732	9216540	+	252.9	282
380583at33208	Complete	Hmel219001o	5284803	5287669	+	486.5	273
381303at33208	Complete	Hmel209001o	4011222	4012840	+	240.3	264
382000at33208	Complete	Hmel216002o	4947425	4940505	-	148.5	226
382262at33208	Complete	Hmel216002o	3315231	3308273	-	114.0	272
382750at33208	Complete	Hmel212001o	13272450	13277366	+	415.5	339
383313at33208	Complete	Hmel212001o	12129990	12128785	-	389.2	316
384187at33208	Complete	Hmel201001o	4008739	4003230	-	656.1	427
386666at33208	Complete	Hmel215003o	1718601	1693593	-	147.6	199
387079at33208	Complete	Hmel211001o	6173884	6176753	+	282.1	222
387117at33208	Complete	Hmel210001o	17954777	17953298	-	142.9	212
387878at33208	Complete	Hmel215003o	2492382	2487689	-	394.9	355
389367at33208	Complete	Hmel217001o	2508959	2511698	+	394.6	257
389527at33208	Complete	Hmel210001o	15771612	15780067	+	688.3	590
389570at33208	Complete	Hmel212001o	3901706	3903591	+	476.3	323
389591at33208	Complete	Hmel206001o	5301584	5300347	-	276.4	222
390192at33208	Complete	Hmel209001o	3236805	3238067	+	422.3	316
390402at33208	Complete	Hmel220003o	3354985	3352607	-	353.6	236
391896at33208	Complete	Hmel201001o	8607325	8604853	-	404.3	268
393219at33208	Complete	Hmel206001o	11884702	11883620	-	256.0	223
393291at33208	Complete	Hmel202001o	2866369	2857698	-	469.6	302
393419at33208	Complete	Hmel216002o	5505141	5506745	+	505.4	426
393895at33208	Complete	Hmel201001o	10583836	10582352	-	758.7	428
395147at33208	Complete	Hmel211001o	6517806	6521283	+	332.8	276
395183at33208	Complete	Hmel219001o	7881141	7878229	-	286.0	172
395556at33208	Complete	Hmel211001o	4241663	4247550	+	323.1	237
395919at33208	Complete	Hmel217001o	5939044	5930510	-	348.1	274
395948at33208	Complete	Hmel213001o	17648339	17663714	+	361.5	339
396237at33208	Missing
397019at33208	Complete	Hmel210001o	17308279	17312484	+	554.5	316
397659at33208	Complete	Hmel203003o	8892970	8889725	-	317.1	254
398013at33208	Complete	Hmel201001o	11986206	11985262	-	524.8	279
398202at33208	Complete	Hmel200212o	14229	11929	-	288.7	258
398607at33208	Complete	Hmel213001o	18050857	18096065	+	272.2	190
399092at33208	Complete	Hmel202001o	5906661	5904246	-	287.5	182
399439at33208	Complete	Hmel206001o	5283413	5284537	+	181.7	181
400042at33208	Complete	Hmel201001o	15460066	15465521	+	295.8	279
401196at33208	Complete	Hmel209001o	7931573	7928473	-	231.2	166
401220at33208	Complete	Hmel201001o	1816053	1817336	+	502.5	367
401679at33208	Complete	Hmel205001o	5217530	5216122	-	98.2	94
401779at33208	Complete	Hmel214004o	5660228	5662518	+	472.5	274
403171at33208	Complete	Hmel212001o	5054555	5059957	+	350.9	422
403817at33208	Complete	Hmel202001o	7910986	7915171	+	55.2	99
404988at33208	Complete	Hmel217001o	13521103	13519676	-	260.2	306
405257at33208	Complete	Hmel212001o	10660098	10663955	+	308.6	352
406927at33208	Complete	Hmel210001o	12078945	12087937	+	176.0	242
407472at33208	Complete	Hmel218003o	2378888	2382246	+	450.0	412
409006at33208	Complete	Hmel212001o	4669893	4680051	+	299.2	244
409186at33208	Complete	Hmel212001o	10408975	10415051	+	535.7	487
411515at33208	Complete	Hmel218003o	4322021	4319707	-	367.0	257
411664at33208	Complete	Hmel207001o	9270252	9272481	+	120.5	174
411755at33208	Complete	Hmel205001o	2280868	2287851	+	441.1	342
412370at33208	Complete	Hmel212001o	2882171	2874303	-	128.4	173
412542at33208	Complete	Hmel211001o	7944705	7942176	-	358.4	228
412930at33208	Complete	Hmel220003o	1467169	1462334	-	357.9	289
413334at33208	Complete	Hmel217001o	7143581	7148659	+	266.3	276
414001at33208	Complete	Hmel212001o	3894739	3897530	+	481.2	276
414571at33208	Complete	Hmel214004o	4608835	4611234	+	418.5	233
414579at33208	Complete	Hmel206001o	12135329	12136231	+	371.3	248
414603at33208	Complete	Hmel219001o	14274537	14269714	-	590.0	485
415618at33208	Complete	Hmel202001o	8420402	8426735	+	166.1	176
416175at33208	Complete	Hmel201001o	4297360	4294593	-	336.3	263
418979at33208	Complete	Hmel207001o	3741520	3745005	+	221.2	148
419502at33208	Complete	Hmel202001o	3791941	3790772	-	257.2	211
419914at33208	Complete	Hmel212001o	11409585	11413216	+	401.5	329
421396at33208	Complete	Hmel211001o	6037723	6034985	-	354.6	238
421685at33208	Complete	Hmel215003o	5308991	5311309	+	230.9	195
421732at33208	Complete	Hmel212001o	14642092	14646154	+	192.8	272
422158at33208	Complete	Hmel213001o	7504162	7507142	+	422.0	280
422751at33208	Complete	Hmel219001o	11528336	11530479	+	505.7	350
423799at33208	Complete	Hmel201001o	10212881	10215473	+	371.6	253
423848at33208	Complete	Hmel207001o	11668819	11663822	-	280.5	234
424392at33208	Complete	Hmel208001o	5857237	5861893	+	407.8	228
424569at33208	Complete	Hmel213001o	2500018	2496359	-	272.3	158
424646at33208	Complete	Hmel212001o	8244299	8250592	+	157.8	209
427349at33208	Complete	Hmel213001o	5860953	5863094	+	374.4	234
427789at33208	Complete	Hmel211001o	6517009	6511778	-	594.8	397
428202at33208	Complete	Hmel213001o	5632794	5636522	+	483.8	320
428754at33208	Complete	Hmel214004o	6567767	6569820	+	298.2	360
429011at33208	Complete	Hmel204001o	3072883	3072047	-	203.1	168
429274at33208	Complete	Hmel210001o	16668343	16670854	+	252.0	203
429751at33208	Complete	Hmel212001o	6148735	6143593	-	262.8	401
430701at33208	Complete	Hmel214004o	3021181	3022300	+	222.4	187
432050at33208	Complete	Hmel211001o	1773894	1770938	-	448.5	243
432155at33208	Complete	Hmel201001o	14651765	14650098	-	215.5	168
432287at33208	Missing
432522at33208	Complete	Hmel205001o	8045859	8047023	+	147.1	123
433216at33208	Complete	Hmel204001o	2672594	2674351	+	253.4	182
433606at33208	Complete	Hmel201001o	11596816	11598476	+	387.0	222
434068at33208	Complete	Hmel217001o	11629699	11641798	+	564.8	447
434863at33208	Complete	Hmel218003o	3746756	3749194	+	336.3	245
435253at33208	Complete	Hmel201001o	1090025	1084018	-	133.6	306
435678at33208	Complete	Hmel203003o	9146704	9142328	-	419.7	348
435921at33208	Complete	Hmel216002o	5509056	5507567	-	182.1	129
435939at33208	Complete	Hmel205001o	5567641	5566231	-	194.0	164
436007at33208	Complete	Hmel207001o	12889285	12895568	+	594.2	409
436098at33208	Complete	Hmel207001o	10900088	10855358	-	221.8	200
436539at33208	Complete	Hmel213001o	5561411	5559397	-	242.8	188
437653at33208	Complete	Hmel216002o	4939074	4939889	+	201.4	136
438133at33208	Complete	Hmel206001o	12526923	12534002	+	511.6	302
438433at33208	Complete	Hmel213001o	16396567	16391842	-	361.0	201
438453at33208	Complete	Hmel212001o	10428360	10427350	-	432.1	242
439736at33208	Complete	Hmel208001o	4248881	4253910	+	559.7	369
440195at33208	Complete	Hmel208001o	5700476	5699342	-	269.9	203
440493at33208	Complete	Hmel211001o	6505607	6504158	-	288.8	268
441575at33208	Complete	Hmel215003o	1603241	1596952	-	515.3	602
442169at33208	Complete	Hmel205001o	7592124	7593965	+	388.4	329
442203at33208	Complete	Hmel213001o	17665640	17670705	+	433.9	346
442823at33208	Complete	Hmel205001o	4989743	4993717	+	401.7	365
443305at33208	Complete	Hmel215003o	342252	347421	+	337.1	391
443518at33208	Fragmented	Hmel215003o	6832337	6830323	-	207.2	133
443659at33208	Complete	Hmel217001o	6731987	6730860	-	218.3	145
443928at33208	Complete	Hmel211001o	4262028	4263500	+	429.3	300
444160at33208	Complete	Hmel220003o	4681468	4679360	-	313.7	196
444231at33208	Complete	Hmel214004o	8195726	8197462	+	150.1	126
445031at33208	Complete	Hmel221001o	12882035	12885970	+	376.5	310
445034at33208	Complete	Hmel216002o	5471171	5473317	+	428.0	316
445091at33208	Complete	Hmel210001o	16765029	16762333	-	274.5	280
446000at33208	Complete	Hmel212001o	15802272	15804972	+	294.6	252
446031at33208	Complete	Hmel213001o	10509407	10506323	-	294.9	240
447320at33208	Complete	Hmel220003o	1815960	1814004	-	241.3	240
447400at33208	Complete	Hmel220003o	10507418	10504382	-	163.9	157
448196at33208	Complete	Hmel218003o	190728	194205	+	373.5	229
448514at33208	Complete	Hmel208001o	6781198	6788590	+	365.1	271
449056at33208	Complete	Hmel210001o	3286768	3288528	+	276.3	187
449139at33208	Complete	Hmel203003o	1886939	1881625	-	377.8	241
449189at33208	Complete	Hmel207001o	10779485	10784160	+	614.0	408
450643at33208	Complete	Hmel219001o	3707675	3705502	-	162.3	196
450785at33208	Complete	Hmel201001o	8576306	8570283	-	140.5	111
451242at33208	Complete	Hmel219001o	3320653	3318261	-	174.5	172
451957at33208	Complete	Hmel206001o	2116066	2102710	-	593.8	420
452208at33208	Complete	Hmel209001o	7802880	7805580	+	238.6	193
452499at33208	Complete	Hmel207001o	1560265	1565387	+	361.2	275
452574at33208	Complete	Hmel208001o	3790173	3793414	+	461.7	381
453049at33208	Complete	Hmel211001o	9042095	9046173	+	363.1	402
453052at33208	Complete	Hmel215003o	1777693	1776341	-	401.1	322
453056at33208	Complete	Hmel217001o	6224207	6227612	+	556.6	372
453687at33208	Complete	Hmel205001o	2221770	2220619	-	388.9	282
454911at33208	Complete	Hmel219001o	12492984	12495835	+	683.9	611
455512at33208	Complete	Hmel216002o	5569114	5570957	+	244.6	188
455941at33208	Complete	Hmel212001o	6272247	6274823	+	286.1	270
456998at33208	Complete	Hmel216002o	4938228	4936093	-	238.6	232
457777at33208	Complete	Hmel205001o	7046096	7050277	+	563.2	326
458807at33208	Complete	Hmel211001o	8299114	8301078	+	412.4	270
458974at33208	Complete	Hmel212001o	12903123	12904484	+	169.2	144
458988at33208	Complete	Hmel210001o	12102866	12095237	-	722.6	462
459253at33208	Complete	Hmel202001o	8767567	8762656	-	216.1	156
460044at33208	Complete	Hmel212001o	3286950	3295117	+	419.6	283
460518at33208	Complete	Hmel206001o	13391342	13387338	-	440.4	277
461123at33208	Complete	Hmel210001o	16849494	16854414	+	206.0	237
461193at33208	Complete	Hmel212001o	8816520	8821657	+	268.7	230
462325at33208	Complete	Hmel207001o	1516032	1518158	+	391.6	294
462897at33208	Complete	Hmel217001o	7457563	7458975	+	410.9	380
463071at33208	Complete	Hmel206001o	3257275	3258534	+	238.1	271
464204at33208	Complete	Hmel217001o	4533717	4536423	+	399.1	302
464243at33208	Complete	Hmel220003o	4080371	4081473	+	94.9	129
464286at33208	Complete	Hmel212001o	5071571	5077564	+	396.1	383
464312at33208	Complete	Hmel218003o	8687925	8689507	+	241.4	302
464987at33208	Complete	Hmel211001o	7985143	7983978	-	269.2	165
465092at33208	Complete	Hmel218003o	89936	87416	-	411.8	221
465401at33208	Complete	Hmel211001o	5024190	5022506	-	232.4	188
465512at33208	Complete	Hmel201001o	12127782	12132105	+	1047.0	822
465651at33208	Complete	Hmel207001o	8954329	8952482	-	117.9	145
465703at33208	Complete	Hmel203003o	9132088	9134937	+	262.1	197
465933at33208	Complete	Hmel217001o	7216808	7213836	-	345.3	250
466616at33208	Complete	Hmel201001o	8465364	8468644	+	637.8	543
466942at33208	Complete	Hmel213001o	3793805	3792284	-	134.5	185
467106at33208	Complete	Hmel207001o	5735442	5738805	+	374.6	253
467142at33208	Complete	Hmel203003o	9283741	9278240	-	317.7	336
467744at33208	Complete	Hmel213001o	8254224	8251328	-	348.2	264
468248at33208	Complete	Hmel202001o	4700085	4696301	-	427.4	307
468359at33208	Complete	Hmel214004o	8204193	8198998	-	378.1	271
468631at33208	Complete	Hmel201001o	8548930	8542057	-	126.8	135
468710at33208	Complete	Hmel210001o	8214786	8213370	-	172.9	173
468757at33208	Complete	Hmel207001o	11795675	11800140	+	405.7	270
469367at33208	Complete	Hmel213001o	12823487	12773516	-	277.7	270
470197at33208	Complete	Hmel205001o	1552232	1556384	+	294.5	317
470523at33208	Complete	Hmel219001o	5349665	5348556	-	258.8	195
471608at33208	Complete	Hmel208001o	3860131	3861943	+	314.6	214
471787at33208	Complete	Hmel214004o	1834011	1829124	-	396.5	302
472313at33208	Complete	Hmel210001o	9523182	9520667	-	317.0	249
472352at33208	Complete	Hmel215003o	1263384	1261825	-	191.6	202
473106at33208	Complete	Hmel217001o	13794729	13801031	+	432.1	341
474144at33208	Complete	Hmel202001o	8123885	8127508	+	235.2	201
474302at33208	Complete	Hmel213001o	4591728	4594485	+	237.5	267
474387at33208	Complete	Hmel219001o	13813293	13816498	+	411.5	296
475826at33208	Complete	Hmel219001o	14924756	14927798	+	320.5	223
476036at33208	Fragmented	Hmel206001o	12369367	12365374	-	127.4	86
477052at33208	Complete	Hmel205001o	7074799	7075794	+	348.5	237
477939at33208	Complete	Hmel219001o	3223074	3224528	+	299.1	310
477998at33208	Complete	Hmel202001o	1204315	1218543	+	210.0	336
478073at33208	Complete	Hmel211001o	5516528	5515079	-	413.3	226
478984at33208	Complete	Hmel209001o	3523041	3588506	+	338.4	242
480700at33208	Complete	Hmel207001o	13777081	13778359	+	153.3	156
480735at33208	Complete	Hmel204001o	1328610	1333106	+	267.4	243
481557at33208	Complete	Hmel209001o	487213	482703	-	194.8	279
482691at33208	Complete	Hmel201001o	6533197	6537465	+	393.2	236
483489at33208	Complete	Hmel206001o	4029731	4027080	-	313.8	301
485003at33208	Complete	Hmel211001o	7986092	7987721	+	260.6	205
485696at33208	Complete	Hmel210001o	3876716	3874038	-	194.8	210
486370at33208	Complete	Hmel212001o	2726827	2728790	+	287.4	291
486431at33208	Complete	Hmel205001o	6647308	6650646	+	446.0	439
486743at33208	Complete	Hmel214004o	4567318	4569180	+	167.7	186
486993at33208	Complete	Hmel209001o	8632148	8634396	+	282.6	247
487873at33208	Complete	Hmel211001o	5452879	5453905	+	92.5	126
487987at33208	Complete	Hmel220003o	3412148	3413584	+	215.9	171
488559at33208	Complete	Hmel219001o	12672736	12674192	+	239.1	167
488635at33208	Complete	Hmel201001o	9808543	9810104	+	273.0	239
489359at33208	Complete	Hmel203003o	6052596	6047846	-	212.6	231
489858at33208	Duplicated	Hmel200216o	6239	7919	+	219.9	186
489858at33208	Duplicated	Hmel208001o	6232714	6231631	-	206.7	128
489997at33208	Complete	Hmel219001o	7600669	7596873	-	365.5	376
490248at33208	Complete	Hmel202001o	2920075	2921491	+	229.1	183
490961at33208	Complete	Hmel215003o	3360565	3358538	-	80.4	177
491252at33208	Complete	Hmel221001o	3661257	3659131	-	202.9	184
491289at33208	Complete	Hmel213001o	21160	22163	+	276.3	242
492033at33208	Complete	Hmel215003o	6294574	6292752	-	320.4	173
493148at33208	Complete	Hmel201001o	13110791	13114636	+	139.8	161
493505at33208	Complete	Hmel218003o	8346033	8349735	+	312.3	188
493913at33208	Complete	Hmel204001o	5269040	5264649	-	433.6	385
494057at33208	Complete	Hmel211001o	7945711	7947497	+	258.9	171
495100at33208	Complete	Hmel214005o	15754	14492	-	348.1	217
495175at33208	Complete	Hmel219001o	1058027	1059925	+	246.3	181
495207at33208	Complete	Hmel219001o	420967	435026	+	250.4	239
495311at33208	Complete	Hmel201001o	11643227	11642261	-	265.0	163
495329at33208	Complete	Hmel208001o	8448500	8445195	-	195.9	176
495389at33208	Complete	Hmel205001o	4768648	4766659	-	114.7	160
495605at33208	Complete	Hmel213001o	6187476	6191845	+	420.9	224
495802at33208	Complete	Hmel211001o	7161557	7162710	+	91.3	68
495926at33208	Complete	Hmel207001o	9199350	9197881	-	124.9	174
496070at33208	Complete	Hmel206001o	7806068	7805271	-	179.0	182
496219at33208	Complete	Hmel219001o	5293195	5289093	-	391.5	241
498535at33208	Complete	Hmel213001o	7480042	7484929	+	337.9	198
500261at33208	Complete	Hmel209001o	4072550	4077223	+	355.9	294
500808at33208	Complete	Hmel218003o	7665501	7650040	-	389.9	303
501396at33208	Complete	Hmel211001o	10490917	10493582	+	302.8	169
501546at33208	Complete	Hmel201001o	10447403	10449501	+	142.4	145
501788at33208	Complete	Hmel215003o	4593565	4591348	-	240.3	163
502128at33208	Complete	Hmel215003o	5556000	5562879	+	364.7	234
502407at33208	Complete	Hmel214004o	2007567	2006866	-	250.0	194
502429at33208	Complete	Hmel207001o	8534824	8537294	+	294.9	187
502584at33208	Complete	Hmel217001o	13834515	13836772	+	238.1	236
502691at33208	Complete	Hmel212001o	4559385	4561150	+	298.6	205
503333at33208	Complete	Hmel213001o	8284291	8288389	+	452.9	257
503828at33208	Complete	Hmel203003o	7367017	7369659	+	157.7	170
504207at33208	Complete	Hmel212001o	15193740	15190789	-	354.5	310
504292at33208	Complete	Hmel213001o	16842597	16831885	-	270.7	175
504691at33208	Complete	Hmel220003o	5162750	5162169	-	166.3	135
504731at33208	Complete	Hmel213001o	8255805	8260576	+	413.6	237
504912at33208	Complete	Hmel212001o	15430041	15425525	-	121.6	131
505248at33208	Complete	Hmel220003o	9044348	9030050	-	256.1	142
505718at33208	Complete	Hmel214004o	2199584	2195676	-	89.5	126
508188at33208	Complete	Hmel207001o	6874000	6872844	-	280.8	231
508379at33208	Complete	Hmel202001o	2054279	2052784	-	212.5	129
508986at33208	Complete	Hmel218003o	4038432	4039974	+	91.9	204
509494at33208	Complete	Hmel218003o	5136731	5134083	-	249.4	138
509816at33208	Complete	Hmel206001o	5366941	5364342	-	248.0	156
510174at33208	Complete	Hmel221001o	1654177	1643754	-	326.5	233
510522at33208	Complete	Hmel206001o	5310513	5307852	-	199.4	198
510581at33208	Complete	Hmel206001o	3922379	3920941	-	329.3	245
511272at33208	Complete	Hmel208001o	8464752	8469912	+	262.0	228
511386at33208	Complete	Hmel210001o	16760451	16756183	-	348.1	444
511575at33208	Complete	Hmel201001o	12408742	12407400	-	270.8	155
511668at33208	Complete	Hmel217001o	8489501	8488244	-	182.7	189
514121at33208	Complete	Hmel206001o	2205979	2203372	-	305.6	216
514296at33208	Complete	Hmel217001o	5852973	5851627	-	244.2	135
514565at33208	Complete	Hmel220003o	5913828	5912469	-	358.3	189
514675at33208	Complete	Hmel212001o	10291735	10293432	+	273.7	203
514698at33208	Complete	Hmel218003o	15749459	15750103	+	238.5	160
514724at33208	Complete	Hmel215003o	4786367	4782035	-	188.1	181
514727at33208	Complete	Hmel216002o	6829236	6825505	-	144.6	303
514740at33208	Complete	Hmel219001o	6826472	6824035	-	224.7	179
514834at33208	Complete	Hmel201001o	9541840	9540299	-	82.3	187
514892at33208	Complete	Hmel201001o	10210126	10209137	-	292.0	194
515058at33208	Complete	Hmel217001o	11473136	11466786	-	398.9	323
515377at33208	Missing
515410at33208	Complete	Hmel220003o	8905729	8907104	+	210.4	151
515425at33208	Missing
515528at33208	Complete	Hmel220003o	8460540	8466491	+	157.7	200
515640at33208	Complete	Hmel212001o	15998209	15997475	-	347.1	195
516078at33208	Complete	Hmel215003o	2566074	2568387	+	337.0	239
516321at33208	Complete	Hmel208001o	6746403	6744470	-	237.3	133
516481at33208	Complete	Hmel215003o	4643957	4643214	-	83.6	186
516659at33208	Complete	Hmel210001o	7577536	7576640	-	234.3	221
516716at33208	Complete	Hmel220003o	11732350	11738532	+	358.0	337
517311at33208	Complete	Hmel215003o	7813748	7815578	+	229.4	155
517525at33208	Complete	Hmel213001o	3986945	3979898	-	470.2	287
517686at33208	Complete	Hmel206001o	1413314	1415873	+	143.7	96
517968at33208	Complete	Hmel211001o	2923937	2922688	-	114.5	108
518288at33208	Complete	Hmel209001o	8013134	8003869	-	357.0	271
518569at33208	Complete	Hmel219001o	1563655	1560009	-	215.6	206
518635at33208	Complete	Hmel212001o	6271705	6270020	-	466.3	365
519030at33208	Complete	Hmel210001o	1526972	1528525	+	218.7	196
519303at33208	Complete	Hmel215003o	5907635	5904365	-	319.2	331
519777at33208	Complete	Hmel213001o	8746781	8744298	-	234.1	245
520011at33208	Duplicated	Hmel200216o	5765	2178	-	246.1	235
520011at33208	Duplicated	Hmel208001o	6233188	6236789	+	244.4	267
521343at33208	Complete	Hmel210001o	1107882	1097869	-	143.0	141
522886at33208	Complete	Hmel210001o	16951071	16952818	+	272.5	250
522988at33208	Missing
523206at33208	Complete	Hmel220003o	12269237	12267158	-	119.8	129
523376at33208	Complete	Hmel220003o	10339382	10335956	-	200.7	235
523534at33208	Complete	Hmel212001o	9449921	9451153	+	253.0	148
524148at33208	Complete	Hmel221001o	4373408	4379162	+	193.9	288
524165at33208	Complete	Hmel211001o	11402631	11405114	+	401.7	377
524322at33208	Complete	Hmel201001o	9539074	9539901	+	179.3	128
525542at33208	Complete	Hmel218003o	9190962	9187798	-	199.4	185
525888at33208	Complete	Hmel211001o	3777999	3775970	-	237.3	164
526074at33208	Complete	Hmel207001o	13838268	13836953	-	275.4	170
526487at33208	Complete	Hmel219001o	13823393	13822782	-	323.1	179
526673at33208	Complete	Hmel219001o	1746586	1743800	-	423.3	264
526839at33208	Complete	Hmel208001o	3935886	3933593	-	238.7	300
527406at33208	Complete	Hmel207001o	3733284	3730794	-	320.1	192
528325at33208	Complete	Hmel202001o	1235785	1219925	-	253.0	129
529092at33208	Complete	Hmel213001o	3794956	3799740	+	192.0	106
529093at33208	Complete	Hmel216002o	3108203	3104757	-	317.7	201
529708at33208	Complete	Hmel208001o	4231846	4230106	-	253.8	235
529852at33208	Complete	Hmel201001o	8329754	8327783	-	198.2	144
530431at33208	Complete	Hmel212001o	5082887	5094979	+	505.2	383
532406at33208	Complete	Hmel210001o	13306585	13308265	+	258.7	181
532693at33208	Complete	Hmel213001o	8292947	8289589	-	276.9	278
532728at33208	Complete	Hmel213001o	12036037	12034834	-	163.3	127
532930at33208	Complete	Hmel211001o	5285451	5294200	+	227.1	184
533666at33208	Complete	Hmel202001o	4430466	4423732	-	183.6	202
533690at33208	Complete	Hmel211001o	10660180	10657689	-	262.7	182
534172at33208	Complete	Hmel219001o	13611079	13609723	-	348.8	211
534206at33208	Complete	Hmel219001o	3202723	3200762	-	119.8	178
534312at33208	Complete	Hmel220003o	11489971	11491634	+	239.5	133
534757at33208	Complete	Hmel219001o	6066366	6059755	-	230.4	209
534808at33208	Complete	Hmel218003o	4334853	4332078	-	355.3	275
535268at33208	Complete	Hmel200274o	5717	9361	+	282.5	160
535367at33208	Complete	Hmel208001o	5478955	5483417	+	207.4	200
535524at33208	Complete	Hmel201001o	2075245	2073932	-	256.6	160
535650at33208	Missing
535664at33208	Complete	Hmel208001o	5786128	5785592	-	139.5	122
535782at33208	Complete	Hmel208001o	5878938	5874147	-	209.2	162
535806at33208	Complete	Hmel208001o	5416959	5414753	-	196.4	133
536251at33208	Fragmented	Hmel204001o	6098135	6099440	+	67.8	71
537470at33208	Complete	Hmel213001o	2506710	2508051	+	221.2	128
537548at33208	Complete	Hmel206001o	7303569	7300998	-	269.5	180
537718at33208	Complete	Hmel207001o	10843504	10842094	-	229.3	239
537923at33208	Complete	Hmel216002o	6836128	6834636	-	268.2	156
538442at33208	Complete	Hmel208001o	5402559	5399284	-	186.3	135
539043at33208	Complete	Hmel210001o	8490972	8492319	+	215.6	148
539215at33208	Complete	Hmel218002o	149368	145348	-	217.5	157
539234at33208	Complete	Hmel216002o	3555351	3554379	-	234.6	130
539360at33208	Complete	Hmel212001o	5643727	5639726	-	165.9	163
539600at33208	Complete	Hmel219001o	4128766	4129938	+	160.1	149
540193at33208	Complete	Hmel201001o	2447896	2440833	-	175.0	463
541231at33208	Complete	Hmel212001o	1129272	1133688	+	164.4	183
541260at33208	Complete	Hmel206001o	3460273	3461110	+	117.4	83
541421at33208	Complete	Hmel217001o	5043267	5044469	+	273.4	177
543124at33208	Complete	Hmel221001o	1539350	1545387	+	325.4	262
543269at33208	Complete	Hmel218003o	4059075	4058077	-	204.8	188
544546at33208	Complete	Hmel208001o	5403671	5409995	+	126.0	123
544849at33208	Complete	Hmel208001o	3883999	3887196	+	173.7	147
544919at33208	Complete	Hmel201001o	16826030	16820974	-	176.6	297
545063at33208	Complete	Hmel202001o	8784990	8781453	-	145.3	216
545389at33208	Complete	Hmel217001o	6735611	6735036	-	272.2	165
545641at33208	Complete	Hmel217001o	8043640	8041828	-	199.7	119
545744at33208	Complete	Hmel205001o	5215645	5216071	+	140.3	93
545889at33208	Complete	Hmel217001o	14350236	14348189	-	132.9	115
546305at33208	Complete	Hmel202001o	6948609	6949321	+	117.6	108
546751at33208	Complete	Hmel218003o	433455	431098	-	265.5	205
547099at33208	Missing
547341at33208	Complete	Hmel206001o	12573342	12574792	+	295.4	229
547766at33208	Complete	Hmel213001o	6205069	6206230	+	277.4	159
548327at33208	Complete	Hmel213001o	2630552	2629824	-	189.9	135
548444at33208	Complete	Hmel219001o	14458382	14455617	-	338.4	247
548732at33208	Complete	Hmel218003o	3871007	3869346	-	213.6	133
549156at33208	Complete	Hmel211001o	7376768	7377733	+	238.9	137
549988at33208	Complete	Hmel216002o	426694	425939	-	185.6	164
551166at33208	Complete	Hmel213001o	10482104	10482844	+	167.3	100
551620at33208	Fragmented	Hmel217001o	12973921	12980215	+	77.9	74
551632at33208	Complete	Hmel207001o	1171874	1168150	-	234.8	172
551831at33208	Complete	Hmel201001o	8632595	8633996	+	279.3	203
552201at33208	Complete	Hmel204001o	7093933	7093256	-	330.7	179
552359at33208	Complete	Hmel203003o	803879	804455	+	163.6	115
552764at33208	Complete	Hmel214004o	6488172	6483346	-	317.7	171
552949at33208	Complete	Hmel208001o	5827840	5829685	+	92.1	202
553411at33208	Complete	Hmel220003o	5918820	5917206	-	190.2	152
553585at33208	Complete	Hmel213001o	5897153	5895062	-	330.6	206
554010at33208	Complete	Hmel213001o	12633324	12634716	+	285.8	198
554815at33208	Complete	Hmel217001o	7460150	7463315	+	278.8	189
555162at33208	Complete	Hmel204001o	5274020	5273082	-	298.4	149
555390at33208	Complete	Hmel214004o	2124475	2122989	-	221.3	119
555538at33208	Complete	Hmel202001o	2293376	2292747	-	129.4	176
556039at33208	Complete	Hmel215003o	3697679	3698763	+	136.6	106
556189at33208	Missing
556337at33208	Complete	Hmel218003o	631835	632497	+	220.8	124
556445at33208	Complete	Hmel203003o	1987086	1988437	+	172.0	123
556461at33208	Complete	Hmel213001o	5122484	5123235	+	112.5	91
556510at33208	Complete	Hmel219001o	16079554	16078812	-	157.1	137
556587at33208	Complete	Hmel209001o	4205935	4205408	-	114.0	122
556750at33208	Complete	Hmel213001o	6712285	6708609	-	132.7	133
556925at33208	Complete	Hmel218003o	943275	948384	+	55.1	158
557292at33208	Complete	Hmel210001o	1150753	1148984	-	251.6	185
557596at33208	Complete	Hmel211001o	2678052	2673411	-	318.1	180
557694at33208	Complete	Hmel201001o	12067020	12069928	+	274.6	244
557834at33208	Complete	Hmel220003o	3143293	3137455	-	316.9	339
557962at33208	Complete	Hmel204001o	8523099	8525968	+	322.0	208
558368at33208	Complete	Hmel217001o	3727341	3725915	-	169.9	172
558385at33208	Complete	Hmel208001o	5701680	5703619	+	231.6	193
558552at33208	Complete	Hmel215003o	7703287	7702383	-	236.5	124
558791at33208	Complete	Hmel207001o	8110738	8109847	-	232.1	125
558897at33208	Complete	Hmel208001o	8077228	8067772	-	198.9	148
558933at33208	Complete	Hmel205001o	7920780	7920082	-	244.3	179
559146at33208	Complete	Hmel206001o	13720287	13718836	-	87.8	88
559501at33208	Complete	Hmel220003o	4447051	4446257	-	298.8	206
559576at33208	Complete	Hmel206001o	7068615	7071708	+	222.1	233
559732at33208	Complete	Hmel210001o	9261311	9260735	-	67.4	61
559883at33208	Complete	Hmel220003o	730514	731643	+	236.5	159
560453at33208	Complete	Hmel204001o	1944872	1942399	-	265.2	149
560566at33208	Complete	Hmel201001o	10502301	10503972	+	103.4	148
560584at33208	Complete	Hmel210001o	16667500	16666767	-	130.7	86
560694at33208	Complete	Hmel217001o	1154103	1156306	+	310.2	210
561054at33208	Complete	Hmel215003o	1764924	1762146	-	169.8	133
561248at33208	Complete	Hmel205001o	5982307	5980920	-	160.0	179
561417at33208	Complete	Hmel217001o	12370590	12371778	+	196.5	124
561688at33208	Complete	Hmel205001o	7807146	7806410	-	126.8	155
561878at33208	Complete	Hmel209001o	7724348	7725322	+	308.7	236
561943at33208	Complete	Hmel201001o	9467086	9471362	+	356.3	244
562780at33208	Fragmented	Hmel218003o	9697435	9704657	+	144.0	109
563084at33208	Complete	Hmel211001o	2672622	2671734	-	97.4	80
563358at33208	Complete	Hmel214004o	2109549	2113051	+	110.7	150
563359at33208	Complete	Hmel206001o	7111523	7109622	-	161.8	166
563426at33208	Complete	Hmel210001o	12271521	12268407	-	327.3	281
563679at33208	Complete	Hmel219001o	3780637	3779880	-	155.2	104
563832at33208	Complete	Hmel204001o	2900891	2900319	-	112.4	135
564234at33208	Complete	Hmel215003o	1243868	1241479	-	128.6	145
564286at33208	Complete	Hmel206001o	6937916	6938608	+	213.7	110
565053at33208	Complete	Hmel206001o	7044904	7047042	+	180.1	194
566026at33208	Complete	Hmel219001o	12621139	12619113	-	220.0	177
566116at33208	Complete	Hmel220003o	2676552	2662179	-	254.3	162
566262at33208	Complete	Hmel218003o	9999743	10000364	+	136.4	100
566447at33208	Complete	Hmel218003o	7729818	7728925	-	176.8	159
566527at33208	Complete	Hmel210001o	3128400	3130578	+	250.6	186
566916at33208	Complete	Hmel212001o	2715083	2720242	+	105.3	147
567650at33208	Complete	Hmel204001o	5289678	5286352	-	168.8	222
567750at33208	Complete	Hmel212001o	6027758	6026378	-	118.0	105
567809at33208	Complete	Hmel213001o	12862067	12858376	-	203.3	116
568022at33208	Complete	Hmel219001o	10502090	10501266	-	225.4	151
568170at33208	Complete	Hmel216002o	5465706	5468802	+	201.9	171
568839at33208	Complete	Hmel218003o	9211758	9213213	+	208.3	194
568949at33208	Complete	Hmel216002o	5464619	5464026	-	250.4	161
569294at33208	Complete	Hmel214004o	43584	44450	+	198.1	175
569303at33208	Complete	Hmel204001o	8522522	8518832	-	244.1	247
569812at33208	Complete	Hmel218003o	4680213	4683828	+	271.6	207
569878at33208	Complete	Hmel212001o	3362792	3359181	-	237.2	179
570262at33208	Complete	Hmel207001o	2014567	2012200	-	254.2	175
570646at33208	Complete	Hmel212001o	12804342	12805141	+	237.5	146
570717at33208	Complete	Hmel201001o	12540493	12542676	+	269.2	169
571149at33208	Complete	Hmel220003o	2452244	2449235	-	90.0	91
571944at33208	Complete	Hmel210001o	9917832	9914816	-	153.1	209
572074at33208	Complete	Hmel210001o	11196030	11197977	+	184.8	201
572434at33208	Complete	Hmel213001o	7312731	7315620	+	294.3	195
572463at33208	Complete	Hmel203003o	8028350	8025376	-	272.7	211
572754at33208	Complete	Hmel219001o	1795885	1795116	-	184.4	124
572845at33208	Complete	Hmel201001o	13775540	13774968	-	247.3	158
573203at33208	Complete	Hmel210001o	11973310	11976248	+	171.4	238
573237at33208	Complete	Hmel214004o	6557121	6559918	+	247.9	219
573313at33208	Complete	Hmel220003o	2326253	2324995	-	324.6	251
574311at33208	Complete	Hmel208001o	7841474	7840642	-	65.3	72
575360at33208	Complete	Hmel218003o	9126722	9127280	+	189.1	125
576633at33208	Complete	Hmel213001o	18037196	18040539	+	267.3	155
576938at33208	Complete	Hmel204001o	2905752	2905046	-	124.6	114
576997at33208	Complete	Hmel210001o	7564691	7563721	-	223.3	144
577068at33208	Complete	Hmel213001o	14023614	14021351	-	256.6	229
577339at33208	Complete	Hmel217001o	5927838	5925166	-	159.9	112
577929at33208	Complete	Hmel211001o	8031274	8031945	+	117.7	109
578354at33208	Complete	Hmel217001o	2547091	2545174	-	222.7	127
578582at33208	Complete	Hmel220003o	5068670	5071388	+	216.8	144
578684at33208	Complete	Hmel201001o	10072207	10073082	+	241.4	198
578726at33208	Complete	Hmel210001o	13019608	13023510	+	182.9	173
578734at33208	Complete	Hmel211001o	7108622	7107909	-	193.8	236
578959at33208	Complete	Hmel207001o	11792091	11793448	+	190.4	116
579029at33208	Complete	Hmel218003o	3066764	3068061	+	130.8	117
580062at33208	Complete	Hmel211001o	5499531	5498136	-	159.3	132
580288at33208	Complete	Hmel220003o	5477391	5479218	+	231.5	116
580851at33208	Complete	Hmel201001o	11700546	11700944	+	93.3	104
580896at33208	Complete	Hmel216002o	6417999	6412809	-	243.5	272
581006at33208	Complete	Hmel210001o	708944	706595	-	166.7	143
581475at33208	Complete	Hmel219001o	4306691	4306191	-	199.5	136
581543at33208	Complete	Hmel204001o	6169129	6168578	-	97.1	156
581547at33208	Complete	Hmel202001o	2847935	2846106	-	254.6	148
581621at33208	Complete	Hmel205001o	4756268	4760644	+	306.6	161
581717at33208	Complete	Hmel217001o	11583946	11589149	+	189.6	217
581779at33208	Complete	Hmel204001o	5983975	5985837	+	155.5	264
582265at33208	Complete	Hmel217001o	4726172	4718806	-	191.0	156
582341at33208	Complete	Hmel207001o	2015536	2017221	+	209.9	103
582473at33208	Missing
582823at33208	Complete	Hmel209001o	3210392	3208290	-	303.3	209
582951at33208	Complete	Hmel218003o	8052759	8052150	-	166.3	104
583626at33208	Complete	Hmel206001o	10879276	10877113	-	130.1	138
584023at33208	Complete	Hmel207001o	1543764	1545662	+	210.0	208
584333at33208	Complete	Hmel220003o	11489072	11486656	-	89.7	118
584373at33208	Complete	Hmel211001o	8504365	8505129	+	79.9	61
585078at33208	Complete	Hmel216002o	9922312	9922743	+	70.0	74
585232at33208	Complete	Hmel212001o	10721423	10720228	-	149.2	141
585305at33208	Complete	Hmel212001o	14972155	14971239	-	157.5	84
585313at33208	Complete	Hmel219001o	16228040	16226284	-	292.9	186
585656at33208	Complete	Hmel212001o	12710671	12709414	-	228.2	144
585726at33208	Complete	Hmel220003o	2657679	2655638	-	172.6	162
585809at33208	Complete	Hmel215003o	1774625	1772531	-	219.8	213
586156at33208	Complete	Hmel203003o	7363502	7362335	-	141.9	114
586310at33208	Complete	Hmel212001o	1519208	1517508	-	156.7	143
586690at33208	Complete	Hmel211001o	7699994	7700431	+	181.3	121
586719at33208	Complete	Hmel204001o	778423	777208	-	228.0	128
587399at33208	Complete	Hmel218003o	2802396	2801643	-	104.2	152
587407at33208	Complete	Hmel209001o	4010375	4009635	-	158.3	173
587513at33208	Complete	Hmel219001o	8189406	8193880	+	328.3	298
587688at33208	Complete	Hmel201001o	3289711	3286242	-	92.0	106
587958at33208	Complete	Hmel210001o	12023395	12023922	+	185.1	83
589773at33208	Complete	Hmel220003o	4404353	4400070	-	79.8	55
589901at33208	Complete	Hmel214005o	7595	12651	+	168.4	239
590221at33208	Complete	Hmel220003o	1677125	1667074	-	86.0	87
590347at33208	Complete	Hmel206001o	11939388	11935696	-	123.7	122
590416at33208	Complete	Hmel219001o	4142275	4140296	-	281.4	175
590470at33208	Complete	Hmel207001o	5007355	5008110	+	214.3	210
591316at33208	Complete	Hmel215003o	5313150	5311732	-	150.1	94
591391at33208	Complete	Hmel211001o	3289228	3288183	-	166.4	132
591498at33208	Complete	Hmel213001o	11148600	11140266	-	173.6	161
592087at33208	Complete	Hmel207001o	9531572	9530409	-	236.5	157
592094at33208	Complete	Hmel208001o	5707250	5705360	-	298.2	190
592759at33208	Complete	Hmel201001o	12167008	12168680	+	256.8	172
592872at33208	Complete	Hmel210001o	17190442	17193291	+	145.6	181
594172at33208	Complete	Hmel206001o	8057621	8058537	+	243.5	120
594271at33208	Complete	Hmel220003o	14214443	14211596	-	80.0	93
594842at33208	Complete	Hmel201001o	9797445	9796858	-	185.9	120
594937at33208	Complete	Hmel207001o	6241064	6240135	-	109.2	113
595010at33208	Complete	Hmel219001o	6941252	6964649	+	261.4	274
595316at33208	Complete	Hmel210001o	10102519	10101102	-	181.9	131
595404at33208	Complete	Hmel201001o	15924887	15924369	-	198.5	125
595858at33208	Complete	Hmel217001o	1105682	1109582	+	437.2	340
596131at33208	Complete	Hmel212001o	10404597	10405824	+	179.4	100
596973at33208	Complete	Hmel220003o	9743674	9742267	-	219.1	169
597023at33208	Complete	Hmel201001o	9764118	9763295	-	161.9	170
597816at33208	Complete	Hmel210001o	10097066	10095523	-	179.1	147
598405at33208	Complete	Hmel201001o	16384131	16384799	+	147.0	95
598944at33208	Complete	Hmel206001o	5298325	5305274	+	148.6	213
599320at33208	Complete	Hmel211001o	150959	150130	-	142.2	90
600462at33208	Complete	Hmel213001o	4230141	4229275	-	179.7	187
600823at33208	Complete	Hmel210001o	17960604	17958772	-	163.3	137
601242at33208	Complete	Hmel201001o	12539181	12537857	-	188.2	113
601650at33208	Complete	Hmel215003o	8032123	8031094	-	149.7	113
601768at33208	Complete	Hmel207001o	9200271	9202506	+	277.8	233
601875at33208	Complete	Hmel219001o	13316763	13321696	+	159.8	314
601886at33208	Complete	Hmel211001o	4563217	4564206	+	223.3	173
601967at33208	Missing
602089at33208	Complete	Hmel214004o	36126	35311	-	167.4	99
602148at33208	Fragmented	Hmel212001o	1128641	1128176	-	98.3	59
602587at33208	Complete	Hmel217001o	8475865	8476312	+	120.7	69
603239at33208	Complete	Hmel212001o	15437991	15438833	+	147.4	150
603370at33208	Complete	Hmel220003o	4883774	4881279	-	216.3	125
603609at33208	Complete	Hmel206001o	5282808	5281629	-	152.6	116
603673at33208	Complete	Hmel214004o	2395939	2394958	-	195.8	121
604211at33208	Complete	Hmel202001o	4442459	4444699	+	151.0	153
604943at33208	Complete	Hmel209001o	7824093	7823026	-	162.8	112
605189at33208	Complete	Hmel215003o	619573	619926	+	80.0	70
606048at33208	Complete	Hmel215003o	257091	255397	-	175.1	147
606539at33208	Complete	Hmel207001o	9700415	9702628	+	162.7	114
606748at33208	Complete	Hmel208001o	4650346	4650836	+	133.0	85
606776at33208	Missing
606795at33208	Complete	Hmel212001o	12445415	12450178	+	142.5	99
606958at33208	Complete	Hmel201001o	1309939	1310295	+	139.0	96
607862at33208	Complete	Hmel201001o	11934321	11935746	+	144.3	110
608011at33208	Complete	Hmel220003o	11739356	11739072	-	143.0	73
608074at33208	Complete	Hmel219001o	6827999	6828579	+	138.4	118
608190at33208	Complete	Hmel221001o	8402258	8402635	+	113.3	95
608669at33208	Complete	Hmel211001o	11309310	11305850	-	251.0	219
608869at33208	Complete	Hmel212001o	12096613	12099350	+	244.9	178
608924at33208	Complete	Hmel212001o	14649480	14647850	-	178.6	118
609899at33208	Complete	Hmel213001o	3444260	3445036	+	169.3	148
610427at33208	Complete	Hmel207001o	9258267	9257893	-	129.0	97
610541at33208	Complete	Hmel208001o	6284749	6286108	+	165.9	143
611258at33208	Complete	Hmel206001o	4556016	4560491	+	258.7	187
611279at33208	Complete	Hmel217001o	10536614	10534949	-	250.8	191
611373at33208	Complete	Hmel203003o	3908496	3907638	-	126.7	93
611891at33208	Complete	Hmel216002o	9449745	9448901	-	79.9	93
612760at33208	Complete	Hmel201001o	12010612	12011253	+	152.2	86
612825at33208	Complete	Hmel208001o	3755708	3756532	+	161.2	133
613522at33208	Complete	Hmel219001o	10503260	10505672	+	132.4	170
613580at33208	Complete	Hmel204001o	7143860	7147964	+	227.8	375
613851at33208	Complete	Hmel213001o	13703698	13704114	+	129.9	107
614305at33208	Complete	Hmel219001o	13951237	13949432	-	196.9	171
615531at33208	Complete	Hmel207001o	12580960	12581881	+	142.0	85
615585at33208	Complete	Hmel210001o	1978098	1979533	+	131.7	83
615840at33208	Complete	Hmel202001o	4690210	4687563	-	72.0	106
616120at33208	Complete	Hmel203003o	7396942	7396580	-	105.3	103
616149at33208	Complete	Hmel221001o	1736940	1737613	+	75.4	79
616613at33208	Complete	Hmel217001o	12933105	12933479	+	154.7	79
616716at33208	Complete	Hmel219001o	11571651	11574258	+	196.1	123
617020at33208	Complete	Hmel212001o	10287266	10288914	+	237.4	182
617441at33208	Complete	Hmel219001o	4247452	4246890	-	164.8	78
617522at33208	Complete	Hmel217001o	12085647	12087002	+	124.5	103
617667at33208	Complete	Hmel203003o	3909229	3915164	+	134.9	80
618339at33208	Complete	Hmel205001o	6024277	6024713	+	148.9	83
618421at33208	Complete	Hmel216002o	50550	49959	-	122.8	97
618516at33208	Complete	Hmel214004o	2981372	2978942	-	70.8	97
618986at33208	Complete	Hmel206001o	5398283	5397497	-	133.7	111
619250at33208	Complete	Hmel208001o	1936461	1935218	-	90.4	131
619326at33208	Complete	Hmel220003o	3210220	3210939	+	157.6	88
619415at33208	Complete	Hmel220003o	831517	828293	-	176.1	145
620546at33208	Complete	Hmel202001o	3752803	3753588	+	160.0	134
620753at33208	Complete	Hmel212001o	5307948	5309659	+	139.4	114
621585at33208	Complete	Hmel204001o	7340218	7341308	+	132.1	111
621808at33208	Complete	Hmel205001o	6651207	6650691	-	174.8	81
622156at33208	Fragmented	Hmel202001o	8915839	8914617	-	95.8	95
622172at33208	Complete	Hmel217001o	7353661	7355964	+	167.5	134
622270at33208	Complete	Hmel211001o	3792282	3790753	-	175.7	92
622461at33208	Complete	Hmel208001o	5863164	5862186	-	190.2	105
622560at33208	Complete	Hmel206001o	2893246	2887587	-	220.7	121
623138at33208	Complete	Hmel210001o	16804069	16804915	+	130.9	112
623324at33208	Complete	Hmel204001o	3017147	3015329	-	211.6	117
623444at33208	Complete	Hmel211001o	11504465	11503614	-	203.5	173
623995at33208	Complete	Hmel217001o	5345874	5346365	+	74.6	67
625077at33208	Complete	Hmel213001o	4627128	4624143	-	155.1	105
625091at33208	Complete	Hmel210001o	10643001	10642396	-	114.5	76
625769at33208	Complete	Hmel209001o	3234017	3226627	-	153.8	116
628082at33208	Complete	Hmel215003o	5693666	5693947	+	155.3	73
628231at33208	Complete	Hmel205001o	7908695	7907825	-	118.4	94
628247at33208	Complete	Hmel207001o	9197305	9196466	-	107.5	91
629763at33208	Complete	Hmel218003o	10219993	10218992	-	93.8	53
630073at33208	Complete	Hmel209001o	3211048	3211553	+	123.9	58
631107at33208	Complete	Hmel210001o	8530165	8526787	-	207.3	234
631173at33208	Complete	Hmel206001o	6240441	6241720	+	117.8	84
631196at33208	Complete	Hmel210001o	16811330	16813514	+	131.5	151
631662at33208	Complete	Hmel204001o	7924125	7926749	+	138.9	96
631767at33208	Complete	Hmel207001o	7651982	7619821	-	183.8	110
631798at33208	Complete	Hmel205001o	2536001	2536588	+	98.9	125
631811at33208	Complete	Hmel221001o	10797935	10803086	+	165.6	166
632234at33208	Complete	Hmel217001o	5639323	5638297	-	193.5	102
632472at33208	Complete	Hmel201001o	13749318	13754153	+	123.0	101
632566at33208	Complete	Hmel213001o	12581774	12577910	-	224.2	148
633007at33208	Complete	Hmel212001o	11329492	11330968	+	182.2	132
633282at33208	Duplicated	Hmel213001o	5891440	5890484	-	69.4	64
633282at33208	Duplicated	Hmel221001o	3546341	3546000	-	68.6	66
633619at33208	Complete	Hmel219001o	5827131	5826763	-	83.4	51
634446at33208	Complete	Hmel205001o	6119113	6121794	+	139.6	79
634447at33208	Complete	Hmel215003o	9158185	9159291	+	149.8	91
636041at33208	Complete	Hmel208001o	5446342	5445936	-	99.0	79
636070at33208	Complete	Hmel217001o	7916803	7915624	-	90.7	98
636300at33208	Complete	Hmel209001o	4201410	4202596	+	160.3	73
636423at33208	Complete	Hmel206001o	5462611	5464699	+	102.5	99
637971at33208	Complete	Hmel212001o	13085065	13086011	+	81.5	91
638541at33208	Complete	Hmel215003o	1775435	1776175	+	111.2	75
639252at33208	Complete	Hmel206001o	2890638	2891152	+	114.7	104
640187at33208	Complete	Hmel204001o	6275055	6276843	+	246.9	279
640349at33208	Complete	Hmel215003o	137371	137024	-	111.8	73
641073at33208	Complete	Hmel201001o	11133658	11138733	+	74.3	133
641257at33208	Complete	Hmel213001o	7322232	7318179	-	146.5	114
642323at33208	Complete	Hmel210001o	6291253	6292193	+	102.6	71
642552at33208	Complete	Hmel212001o	14199235	14197862	-	146.1	126
642773at33208	Complete	Hmel212001o	3540601	3539880	-	78.5	66
643380at33208	Complete	Hmel212001o	6072789	6071835	-	108.1	79
643883at33208	Complete	Hmel213001o	3205715	3206813	+	105.7	74
643954at33208	Complete	Hmel209001o	7812975	7813971	+	130.2	137
644034at33208	Complete	Hmel217001o	11710560	11711012	+	105.9	54
648300at33208	Complete	Hmel201001o	9038112	9037433	-	99.8	134
649979at33208	Complete	Hmel207001o	9058861	9057806	-	113.1	99
